bpm,ibi,sdnn,sdsd,rmssd,pnn20,pnn50,hr_mad,sd1,sd2,s,sd1/sd2,breathingrate
78.33547664,765.9364898,34.4160592,31.22258424,43.05571469,0.632829374,0.103671706,19.53125,30.44452958,37.78252636,3613.683681,0.805783321,0.09854103
89.9018764,667.3943015,135.4130547,34.80621352,51.67483029,0.5,0.222222222,50.78125,36.35355106,113.9825038,13017.71938,0.318939748,0.044103378
76.97423221,779.4816301,46.28921721,29.75012769,41.73816059,0.578587699,0.111617312,27.34375,29.49159848,51.14848239,4738.937027,0.576587948,0.101187361
